C:\Users\Mounika Sree\OneDrive\Desktop\simulator-windows-64\IMG\center_2022_05_27_22_52_24_698.jpg, C:\Users\Mounika Sree\OneDrive\Desktop\simulator-windows-64\IMG\left_2022_05_27_22_52_24_698.jpg, C:\Users\Mounika Sree\OneDrive\Desktop\simulator-windows-64\IMG\right_2022_05_27_22_52_24_698.jpg, 0, 0, 0, 7.856452E-05
C:\Users\Mounika Sree\OneDrive\Desktop\simulator-windows-64\IMG\center_2022_05_27_22_52_25_298.jpg, C:\Users\Mounika Sree\OneDrive\Desktop\simulator-windows-64\IMG\left_2022_05_27_22_52_25_298.jpg, C:\Users\Mounika Sree\OneDrive\Desktop\simulator-windows-64\IMG\right_2022_05_27_22_52_25_298.jpg, 0, 0, 0, 7.776039E-05
C:\Users\Mounika Sree\OneDrive\Desktop\simulator-windows-64\IMG\center_2022_05_27_22_52_25_515.jpg, C:\Users\Mounika Sree\OneDrive\Desktop\simulator-windows-64\IMG\left_2022_05_27_22_52_25_515.jpg, C:\Users\Mounika Sree\OneDrive\Desktop\simulator-windows-64\IMG\right_2022_05_27_22_52_25_515.jpg, 0, 0, 0, 7.899755E-05
C:\Users\Mounika Sree\OneDrive\Desktop\simulator-windows-64\IMG\center_2022_05_27_22_52_25_730.jpg, C:\Users\Mounika Sree\OneDrive\Desktop\simulator-windows-64\IMG\left_2022_05_27_22_52_25_730.jpg, C:\Users\Mounika Sree\OneDrive\Desktop\simulator-windows-64\IMG\right_2022_05_27_22_52_25_730.jpg, 0, 0, 0, 7.812265E-05
C:\Users\Mounika Sree\OneDrive\Desktop\simulator-windows-64\IMG\center_2022_05_27_22_52_25_940.jpg, C:\Users\Mounika Sree\OneDrive\Desktop\simulator-windows-64\IMG\left_2022_05_27_22_52_25_940.jpg, C:\Users\Mounika Sree\OneDrive\Desktop\simulator-windows-64\IMG\right_2022_05_27_22_52_25_940.jpg, 0, 0, 0, 7.824655E-05
C:\Users\Mounika Sree\OneDrive\Desktop\simulator-windows-64\IMG\center_2022_05_27_22_52_26_155.jpg, C:\Users\Mounika Sree\OneDrive\Desktop\simulator-windows-64\IMG\left_2022_05_27_22_52_26_155.jpg, C:\Users\Mounika Sree\OneDrive\Desktop\simulator-windows-64\IMG\right_2022_05_27_22_52_26_155.jpg, 0, 0, 0, 7.824444E-05
C:\Users\Mounika Sree\OneDrive\Desktop\simulator-windows-64\IMG\center_2022_05_27_22_52_26_372.jpg, C:\Users\Mounika Sree\OneDrive\Desktop\simulator-windows-64\IMG\left_2022_05_27_22_52_26_372.jpg, C:\Users\Mounika Sree\OneDrive\Desktop\simulator-windows-64\IMG\right_2022_05_27_22_52_26_372.jpg, 0, 0, 0, 8.011168E-05
C:\Users\Mounika Sree\OneDrive\Desktop\simulator-windows-64\IMG\center_2022_05_27_22_52_26_588.jpg, C:\Users\Mounika Sree\OneDrive\Desktop\simulator-windows-64\IMG\left_2022_05_27_22_52_26_588.jpg, C:\Users\Mounika Sree\OneDrive\Desktop\simulator-windows-64\IMG\right_2022_05_27_22_52_26_588.jpg, 0, 0, 0, 7.847198E-05
C:\Users\Mounika Sree\OneDrive\Desktop\simulator-windows-64\IMG\center_2022_05_27_22_52_26_803.jpg, C:\Users\Mounika Sree\OneDrive\Desktop\simulator-windows-64\IMG\left_2022_05_27_22_52_26_803.jpg, C:\Users\Mounika Sree\OneDrive\Desktop\simulator-windows-64\IMG\right_2022_05_27_22_52_26_803.jpg, 0, 0, 0, 7.87847E-05
C:\Users\Mounika Sree\OneDrive\Desktop\simulator-windows-64\IMG\center_2022_05_27_22_52_27_019.jpg, C:\Users\Mounika Sree\OneDrive\Desktop\simulator-windows-64\IMG\left_2022_05_27_22_52_27_019.jpg, C:\Users\Mounika Sree\OneDrive\Desktop\simulator-windows-64\IMG\right_2022_05_27_22_52_27_019.jpg, 0, 0, 0, 7.794066E-05
C:\Users\Mounika Sree\OneDrive\Desktop\simulator-windows-64\IMG\center_2022_05_27_22_52_27_236.jpg, C:\Users\Mounika Sree\OneDrive\Desktop\simulator-windows-64\IMG\left_2022_05_27_22_52_27_236.jpg, C:\Users\Mounika Sree\OneDrive\Desktop\simulator-windows-64\IMG\right_2022_05_27_22_52_27_236.jpg, 0, 0, 0, 8.09002E-05
C:\Users\Mounika Sree\OneDrive\Desktop\simulator-windows-64\IMG\center_2022_05_27_22_52_27_453.jpg, C:\Users\Mounika Sree\OneDrive\Desktop\simulator-windows-64\IMG\left_2022_05_27_22_52_27_453.jpg, C:\Users\Mounika Sree\OneDrive\Desktop\simulator-windows-64\IMG\right_2022_05_27_22_52_27_453.jpg, 0, 0.6473598, 0, 1.63915
C:\Users\Mounika Sree\OneDrive\Desktop\simulator-windows-64\IMG\center_2022_05_27_22_52_27_669.jpg, C:\Users\Mounika Sree\OneDrive\Desktop\simulator-windows-64\IMG\left_2022_05_27_22_52_27_669.jpg, C:\Users\Mounika Sree\OneDrive\Desktop\simulator-windows-64\IMG\right_2022_05_27_22_52_27_669.jpg, 0, 0, 0, 1.643494
C:\Users\Mounika Sree\OneDrive\Desktop\simulator-windows-64\IMG\center_2022_05_27_22_52_27_881.jpg, C:\Users\Mounika Sree\OneDrive\Desktop\simulator-windows-64\IMG\left_2022_05_27_22_52_27_881.jpg, C:\Users\Mounika Sree\OneDrive\Desktop\simulator-windows-64\IMG\right_2022_05_27_22_52_27_881.jpg, 0, 0, 0, 1.610693
C:\Users\Mounika Sree\OneDrive\Desktop\simulator-windows-64\IMG\center_2022_05_27_22_52_28_094.jpg, C:\Users\Mounika Sree\OneDrive\Desktop\simulator-windows-64\IMG\left_2022_05_27_22_52_28_094.jpg, C:\Users\Mounika Sree\OneDrive\Desktop\simulator-windows-64\IMG\right_2022_05_27_22_52_28_094.jpg, 0, 0, 0, 1.575369
C:\Users\Mounika Sree\OneDrive\Desktop\simulator-windows-64\IMG\center_2022_05_27_22_52_28_313.jpg, C:\Users\Mounika Sree\OneDrive\Desktop\simulator-windows-64\IMG\left_2022_05_27_22_52_28_313.jpg, C:\Users\Mounika Sree\OneDrive\Desktop\simulator-windows-64\IMG\right_2022_05_27_22_52_28_313.jpg, 0, 0.6517677, 0, 3.253493
C:\Users\Mounika Sree\OneDrive\Desktop\simulator-windows-64\IMG\center_2022_05_27_22_52_28_526.jpg, C:\Users\Mounika Sree\OneDrive\Desktop\simulator-windows-64\IMG\left_2022_05_27_22_52_28_526.jpg, C:\Users\Mounika Sree\OneDrive\Desktop\simulator-windows-64\IMG\right_2022_05_27_22_52_28_526.jpg, 0, 1, 0, 5.807865
C:\Users\Mounika Sree\OneDrive\Desktop\simulator-windows-64\IMG\center_2022_05_27_22_52_28_743.jpg, C:\Users\Mounika Sree\OneDrive\Desktop\simulator-windows-64\IMG\left_2022_05_27_22_52_28_743.jpg, C:\Users\Mounika Sree\OneDrive\Desktop\simulator-windows-64\IMG\right_2022_05_27_22_52_28_743.jpg, 0, 1, 0, 8.093209
C:\Users\Mounika Sree\OneDrive\Desktop\simulator-windows-64\IMG\center_2022_05_27_22_52_28_960.jpg, C:\Users\Mounika Sree\OneDrive\Desktop\simulator-windows-64\IMG\left_2022_05_27_22_52_28_960.jpg, C:\Users\Mounika Sree\OneDrive\Desktop\simulator-windows-64\IMG\right_2022_05_27_22_52_28_960.jpg, -0.6519654, 1, 0, 10.28021
C:\Users\Mounika Sree\OneDrive\Desktop\simulator-windows-64\IMG\center_2022_05_27_22_52_29_183.jpg, C:\Users\Mounika Sree\OneDrive\Desktop\simulator-windows-64\IMG\left_2022_05_27_22_52_29_183.jpg, C:\Users\Mounika Sree\OneDrive\Desktop\simulator-windows-64\IMG\right_2022_05_27_22_52_29_183.jpg, -1, 1, 0, 12.18824
C:\Users\Mounika Sree\OneDrive\Desktop\simulator-windows-64\IMG\center_2022_05_27_22_52_29_406.jpg, C:\Users\Mounika Sree\OneDrive\Desktop\simulator-windows-64\IMG\left_2022_05_27_22_52_29_406.jpg, C:\Users\Mounika Sree\OneDrive\Desktop\simulator-windows-64\IMG\right_2022_05_27_22_52_29_406.jpg, -1, 1, 0, 14.59738
C:\Users\Mounika Sree\OneDrive\Desktop\simulator-windows-64\IMG\center_2022_05_27_22_52_29_637.jpg, C:\Users\Mounika Sree\OneDrive\Desktop\simulator-windows-64\IMG\left_2022_05_27_22_52_29_637.jpg, C:\Users\Mounika Sree\OneDrive\Desktop\simulator-windows-64\IMG\right_2022_05_27_22_52_29_637.jpg, -1, 1, 0, 17.06963
C:\Users\Mounika Sree\OneDrive\Desktop\simulator-windows-64\IMG\center_2022_05_27_22_52_29_859.jpg, C:\Users\Mounika Sree\OneDrive\Desktop\simulator-windows-64\IMG\left_2022_05_27_22_52_29_859.jpg, C:\Users\Mounika Sree\OneDrive\Desktop\simulator-windows-64\IMG\right_2022_05_27_22_52_29_859.jpg, -0.2982886, 0.2982886, 0, 17.53518
C:\Users\Mounika Sree\OneDrive\Desktop\simulator-windows-64\IMG\center_2022_05_27_22_52_30_070.jpg, C:\Users\Mounika Sree\OneDrive\Desktop\simulator-windows-64\IMG\left_2022_05_27_22_52_30_070.jpg, C:\Users\Mounika Sree\OneDrive\Desktop\simulator-windows-64\IMG\right_2022_05_27_22_52_30_070.jpg, 0, 0, 0, 16.75561
C:\Users\Mounika Sree\OneDrive\Desktop\simulator-windows-64\IMG\center_2022_05_27_22_52_30_403.jpg, C:\Users\Mounika Sree\OneDrive\Desktop\simulator-windows-64\IMG\left_2022_05_27_22_52_30_403.jpg, C:\Users\Mounika Sree\OneDrive\Desktop\simulator-windows-64\IMG\right_2022_05_27_22_52_30_403.jpg, 1, 0, 0, 14.80962
C:\Users\Mounika Sree\OneDrive\Desktop\simulator-windows-64\IMG\center_2022_05_27_22_52_30_525.jpg, C:\Users\Mounika Sree\OneDrive\Desktop\simulator-windows-64\IMG\left_2022_05_27_22_52_30_525.jpg, C:\Users\Mounika Sree\OneDrive\Desktop\simulator-windows-64\IMG\right_2022_05_27_22_52_30_525.jpg, 1, 0, 0, 14.59521
C:\Users\Mounika Sree\OneDrive\Desktop\simulator-windows-64\IMG\center_2022_05_27_22_52_30_732.jpg, C:\Users\Mounika Sree\OneDrive\Desktop\simulator-windows-64\IMG\left_2022_05_27_22_52_30_732.jpg, C:\Users\Mounika Sree\OneDrive\Desktop\simulator-windows-64\IMG\right_2022_05_27_22_52_30_732.jpg, 1, 0, 0, 14.32264
C:\Users\Mounika Sree\OneDrive\Desktop\simulator-windows-64\IMG\center_2022_05_27_22_52_30_941.jpg, C:\Users\Mounika Sree\OneDrive\Desktop\simulator-windows-64\IMG\left_2022_05_27_22_52_30_941.jpg, C:\Users\Mounika Sree\OneDrive\Desktop\simulator-windows-64\IMG\right_2022_05_27_22_52_30_941.jpg, 1, 0, 0, 14.19446
C:\Users\Mounika Sree\OneDrive\Desktop\simulator-windows-64\IMG\center_2022_05_27_22_52_31_145.jpg, C:\Users\Mounika Sree\OneDrive\Desktop\simulator-windows-64\IMG\left_2022_05_27_22_52_31_145.jpg, C:\Users\Mounika Sree\OneDrive\Desktop\simulator-windows-64\IMG\right_2022_05_27_22_52_31_145.jpg, 0.383932, 0, 0, 14.00434
C:\Users\Mounika Sree\OneDrive\Desktop\simulator-windows-64\IMG\center_2022_05_27_22_52_31_357.jpg, C:\Users\Mounika Sree\OneDrive\Desktop\simulator-windows-64\IMG\left_2022_05_27_22_52_31_357.jpg, C:\Users\Mounika Sree\OneDrive\Desktop\simulator-windows-64\IMG\right_2022_05_27_22_52_31_357.jpg, 1, 0, 0, 12.92179
C:\Users\Mounika Sree\OneDrive\Desktop\simulator-windows-64\IMG\center_2022_05_27_22_52_31_573.jpg, C:\Users\Mounika Sree\OneDrive\Desktop\simulator-windows-64\IMG\left_2022_05_27_22_52_31_573.jpg, C:\Users\Mounika Sree\OneDrive\Desktop\simulator-windows-64\IMG\right_2022_05_27_22_52_31_573.jpg, 0, 0, 0, 12.73618
C:\Users\Mounika Sree\OneDrive\Desktop\simulator-windows-64\IMG\center_2022_05_27_22_52_31_786.jpg, C:\Users\Mounika Sree\OneDrive\Desktop\simulator-windows-64\IMG\left_2022_05_27_22_52_31_786.jpg, C:\Users\Mounika Sree\OneDrive\Desktop\simulator-windows-64\IMG\right_2022_05_27_22_52_31_786.jpg, -0.6378201, 0, 0, 12.0552
C:\Users\Mounika Sree\OneDrive\Desktop\simulator-windows-64\IMG\center_2022_05_27_22_52_32_001.jpg, C:\Users\Mounika Sree\OneDrive\Desktop\simulator-windows-64\IMG\left_2022_05_27_22_52_32_001.jpg, C:\Users\Mounika Sree\OneDrive\Desktop\simulator-windows-64\IMG\right_2022_05_27_22_52_32_001.jpg, -1, 0, 0, 11.33385
C:\Users\Mounika Sree\OneDrive\Desktop\simulator-windows-64\IMG\center_2022_05_27_22_52_32_212.jpg, C:\Users\Mounika Sree\OneDrive\Desktop\simulator-windows-64\IMG\left_2022_05_27_22_52_32_212.jpg, C:\Users\Mounika Sree\OneDrive\Desktop\simulator-windows-64\IMG\right_2022_05_27_22_52_32_212.jpg, -0.3611311, 0, 0, 11.09407
C:\Users\Mounika Sree\OneDrive\Desktop\simulator-windows-64\IMG\center_2022_05_27_22_52_32_422.jpg, C:\Users\Mounika Sree\OneDrive\Desktop\simulator-windows-64\IMG\left_2022_05_27_22_52_32_422.jpg, C:\Users\Mounika Sree\OneDrive\Desktop\simulator-windows-64\IMG\right_2022_05_27_22_52_32_422.jpg, -0.9954208, 0, 0, 10.43183
C:\Users\Mounika Sree\OneDrive\Desktop\simulator-windows-64\IMG\center_2022_05_27_22_52_32_640.jpg, C:\Users\Mounika Sree\OneDrive\Desktop\simulator-windows-64\IMG\left_2022_05_27_22_52_32_640.jpg, C:\Users\Mounika Sree\OneDrive\Desktop\simulator-windows-64\IMG\right_2022_05_27_22_52_32_640.jpg, -1, 0, 0, 10.11886
C:\Users\Mounika Sree\OneDrive\Desktop\simulator-windows-64\IMG\center_2022_05_27_22_52_32_854.jpg, C:\Users\Mounika Sree\OneDrive\Desktop\simulator-windows-64\IMG\left_2022_05_27_22_52_32_854.jpg, C:\Users\Mounika Sree\OneDrive\Desktop\simulator-windows-64\IMG\right_2022_05_27_22_52_32_854.jpg, -0.359677, 0, 0, 9.889524
C:\Users\Mounika Sree\OneDrive\Desktop\simulator-windows-64\IMG\center_2022_05_27_22_52_33_060.jpg, C:\Users\Mounika Sree\OneDrive\Desktop\simulator-windows-64\IMG\left_2022_05_27_22_52_33_060.jpg, C:\Users\Mounika Sree\OneDrive\Desktop\simulator-windows-64\IMG\right_2022_05_27_22_52_33_060.jpg, 0, 0, 0, 9.650648
C:\Users\Mounika Sree\OneDrive\Desktop\simulator-windows-64\IMG\center_2022_05_27_22_52_33_263.jpg, C:\Users\Mounika Sree\OneDrive\Desktop\simulator-windows-64\IMG\left_2022_05_27_22_52_33_263.jpg, C:\Users\Mounika Sree\OneDrive\Desktop\simulator-windows-64\IMG\right_2022_05_27_22_52_33_263.jpg, 0, 0.6096927, 0, 10.87585
C:\Users\Mounika Sree\OneDrive\Desktop\simulator-windows-64\IMG\center_2022_05_27_22_52_33_470.jpg, C:\Users\Mounika Sree\OneDrive\Desktop\simulator-windows-64\IMG\left_2022_05_27_22_52_33_470.jpg, C:\Users\Mounika Sree\OneDrive\Desktop\simulator-windows-64\IMG\right_2022_05_27_22_52_33_470.jpg, 0, 1, 0, 13.24891
C:\Users\Mounika Sree\OneDrive\Desktop\simulator-windows-64\IMG\center_2022_05_27_22_52_33_674.jpg, C:\Users\Mounika Sree\OneDrive\Desktop\simulator-windows-64\IMG\left_2022_05_27_22_52_33_674.jpg, C:\Users\Mounika Sree\OneDrive\Desktop\simulator-windows-64\IMG\right_2022_05_27_22_52_33_674.jpg, 0, 1, 0, 15.39153
C:\Users\Mounika Sree\OneDrive\Desktop\simulator-windows-64\IMG\center_2022_05_27_22_52_33_878.jpg, C:\Users\Mounika Sree\OneDrive\Desktop\simulator-windows-64\IMG\left_2022_05_27_22_52_33_878.jpg, C:\Users\Mounika Sree\OneDrive\Desktop\simulator-windows-64\IMG\right_2022_05_27_22_52_33_878.jpg, 0, 1, 0, 17.47008
C:\Users\Mounika Sree\OneDrive\Desktop\simulator-windows-64\IMG\center_2022_05_27_22_52_34_085.jpg, C:\Users\Mounika Sree\OneDrive\Desktop\simulator-windows-64\IMG\left_2022_05_27_22_52_34_085.jpg, C:\Users\Mounika Sree\OneDrive\Desktop\simulator-windows-64\IMG\right_2022_05_27_22_52_34_085.jpg, -0.6185721, 0.3814279, 0, 17.61582
C:\Users\Mounika Sree\OneDrive\Desktop\simulator-windows-64\IMG\center_2022_05_27_22_52_34_289.jpg, C:\Users\Mounika Sree\OneDrive\Desktop\simulator-windows-64\IMG\left_2022_05_27_22_52_34_289.jpg, C:\Users\Mounika Sree\OneDrive\Desktop\simulator-windows-64\IMG\right_2022_05_27_22_52_34_289.jpg, -1, 0, 0, 16.85338
C:\Users\Mounika Sree\OneDrive\Desktop\simulator-windows-64\IMG\center_2022_05_27_22_52_34_501.jpg, C:\Users\Mounika Sree\OneDrive\Desktop\simulator-windows-64\IMG\left_2022_05_27_22_52_34_501.jpg, C:\Users\Mounika Sree\OneDrive\Desktop\simulator-windows-64\IMG\right_2022_05_27_22_52_34_501.jpg, -1, 0, 0, 16.41492
C:\Users\Mounika Sree\OneDrive\Desktop\simulator-windows-64\IMG\center_2022_05_27_22_52_34_718.jpg, C:\Users\Mounika Sree\OneDrive\Desktop\simulator-windows-64\IMG\left_2022_05_27_22_52_34_718.jpg, C:\Users\Mounika Sree\OneDrive\Desktop\simulator-windows-64\IMG\right_2022_05_27_22_52_34_718.jpg, -1, 0, 0, 15.79885
C:\Users\Mounika Sree\OneDrive\Desktop\simulator-windows-64\IMG\center_2022_05_27_22_52_34_943.jpg, C:\Users\Mounika Sree\OneDrive\Desktop\simulator-windows-64\IMG\left_2022_05_27_22_52_34_943.jpg, C:\Users\Mounika Sree\OneDrive\Desktop\simulator-windows-64\IMG\right_2022_05_27_22_52_34_943.jpg, -0.3250066, 0, 0, 15.65652
C:\Users\Mounika Sree\OneDrive\Desktop\simulator-windows-64\IMG\center_2022_05_27_22_52_35_164.jpg, C:\Users\Mounika Sree\OneDrive\Desktop\simulator-windows-64\IMG\left_2022_05_27_22_52_35_164.jpg, C:\Users\Mounika Sree\OneDrive\Desktop\simulator-windows-64\IMG\right_2022_05_27_22_52_35_164.jpg, 0, 0.6627744, 0, 16.79782
C:\Users\Mounika Sree\OneDrive\Desktop\simulator-windows-64\IMG\center_2022_05_27_22_52_35_380.jpg, C:\Users\Mounika Sree\OneDrive\Desktop\simulator-windows-64\IMG\left_2022_05_27_22_52_35_380.jpg, C:\Users\Mounika Sree\OneDrive\Desktop\simulator-windows-64\IMG\right_2022_05_27_22_52_35_380.jpg, 0, 1, 0, 19.12139
C:\Users\Mounika Sree\OneDrive\Desktop\simulator-windows-64\IMG\center_2022_05_27_22_52_35_603.jpg, C:\Users\Mounika Sree\OneDrive\Desktop\simulator-windows-64\IMG\left_2022_05_27_22_52_35_603.jpg, C:\Users\Mounika Sree\OneDrive\Desktop\simulator-windows-64\IMG\right_2022_05_27_22_52_35_603.jpg, 0, 1, 0, 21.30862
C:\Users\Mounika Sree\OneDrive\Desktop\simulator-windows-64\IMG\center_2022_05_27_22_52_35_826.jpg, C:\Users\Mounika Sree\OneDrive\Desktop\simulator-windows-64\IMG\left_2022_05_27_22_52_35_826.jpg, C:\Users\Mounika Sree\OneDrive\Desktop\simulator-windows-64\IMG\right_2022_05_27_22_52_35_826.jpg, 0.6688701, 1, 0, 23.01379
C:\Users\Mounika Sree\OneDrive\Desktop\simulator-windows-64\IMG\center_2022_05_27_22_52_36_045.jpg, C:\Users\Mounika Sree\OneDrive\Desktop\simulator-windows-64\IMG\left_2022_05_27_22_52_36_045.jpg, C:\Users\Mounika Sree\OneDrive\Desktop\simulator-windows-64\IMG\right_2022_05_27_22_52_36_045.jpg, 1, 1, 0, 24.34129
C:\Users\Mounika Sree\OneDrive\Desktop\simulator-windows-64\IMG\center_2022_05_27_22_52_36_269.jpg, C:\Users\Mounika Sree\OneDrive\Desktop\simulator-windows-64\IMG\left_2022_05_27_22_52_36_269.jpg, C:\Users\Mounika Sree\OneDrive\Desktop\simulator-windows-64\IMG\right_2022_05_27_22_52_36_269.jpg, 1, 1, 0, 26.34319
C:\Users\Mounika Sree\OneDrive\Desktop\simulator-windows-64\IMG\center_2022_05_27_22_52_36_484.jpg, C:\Users\Mounika Sree\OneDrive\Desktop\simulator-windows-64\IMG\left_2022_05_27_22_52_36_484.jpg, C:\Users\Mounika Sree\OneDrive\Desktop\simulator-windows-64\IMG\right_2022_05_27_22_52_36_484.jpg, 1, 1, 0, 28.00927
C:\Users\Mounika Sree\OneDrive\Desktop\simulator-windows-64\IMG\center_2022_05_27_22_52_36_685.jpg, C:\Users\Mounika Sree\OneDrive\Desktop\simulator-windows-64\IMG\left_2022_05_27_22_52_36_685.jpg, C:\Users\Mounika Sree\OneDrive\Desktop\simulator-windows-64\IMG\right_2022_05_27_22_52_36_685.jpg, 1, 1, 0, 29.54821
C:\Users\Mounika Sree\OneDrive\Desktop\simulator-windows-64\IMG\center_2022_05_27_22_52_36_883.jpg, C:\Users\Mounika Sree\OneDrive\Desktop\simulator-windows-64\IMG\left_2022_05_27_22_52_36_883.jpg, C:\Users\Mounika Sree\OneDrive\Desktop\simulator-windows-64\IMG\right_2022_05_27_22_52_36_883.jpg, 0.4129234, 1, 0, 29.39971
C:\Users\Mounika Sree\OneDrive\Desktop\simulator-windows-64\IMG\center_2022_05_27_22_52_37_073.jpg, C:\Users\Mounika Sree\OneDrive\Desktop\simulator-windows-64\IMG\left_2022_05_27_22_52_37_073.jpg, C:\Users\Mounika Sree\OneDrive\Desktop\simulator-windows-64\IMG\right_2022_05_27_22_52_37_073.jpg, 0, 0.4272049, 0, 28.6863
C:\Users\Mounika Sree\OneDrive\Desktop\simulator-windows-64\IMG\center_2022_05_27_22_52_37_273.jpg, C:\Users\Mounika Sree\OneDrive\Desktop\simulator-windows-64\IMG\left_2022_05_27_22_52_37_273.jpg, C:\Users\Mounika Sree\OneDrive\Desktop\simulator-windows-64\IMG\right_2022_05_27_22_52_37_273.jpg, -0.6006534, 0, 0, 26.58655
C:\Users\Mounika Sree\OneDrive\Desktop\simulator-windows-64\IMG\center_2022_05_27_22_52_37_482.jpg, C:\Users\Mounika Sree\OneDrive\Desktop\simulator-windows-64\IMG\left_2022_05_27_22_52_37_482.jpg, C:\Users\Mounika Sree\OneDrive\Desktop\simulator-windows-64\IMG\right_2022_05_27_22_52_37_482.jpg, -1, 0, 0, 26.41718
C:\Users\Mounika Sree\OneDrive\Desktop\simulator-windows-64\IMG\center_2022_05_27_22_52_37_687.jpg, C:\Users\Mounika Sree\OneDrive\Desktop\simulator-windows-64\IMG\left_2022_05_27_22_52_37_687.jpg, C:\Users\Mounika Sree\OneDrive\Desktop\simulator-windows-64\IMG\right_2022_05_27_22_52_37_687.jpg, -1, 0, 0, 24.52
C:\Users\Mounika Sree\OneDrive\Desktop\simulator-windows-64\IMG\center_2022_05_27_22_52_37_880.jpg, C:\Users\Mounika Sree\OneDrive\Desktop\simulator-windows-64\IMG\left_2022_05_27_22_52_37_880.jpg, C:\Users\Mounika Sree\OneDrive\Desktop\simulator-windows-64\IMG\right_2022_05_27_22_52_37_880.jpg, -1, 0, 0, 23.57822
C:\Users\Mounika Sree\OneDrive\Desktop\simulator-windows-64\IMG\center_2022_05_27_22_52_38_065.jpg, C:\Users\Mounika Sree\OneDrive\Desktop\simulator-windows-64\IMG\left_2022_05_27_22_52_38_065.jpg, C:\Users\Mounika Sree\OneDrive\Desktop\simulator-windows-64\IMG\right_2022_05_27_22_52_38_065.jpg, -0.440662, 0, 0, 23.12139
C:\Users\Mounika Sree\OneDrive\Desktop\simulator-windows-64\IMG\center_2022_05_27_22_52_38_243.jpg, C:\Users\Mounika Sree\OneDrive\Desktop\simulator-windows-64\IMG\left_2022_05_27_22_52_38_243.jpg, C:\Users\Mounika Sree\OneDrive\Desktop\simulator-windows-64\IMG\right_2022_05_27_22_52_38_243.jpg, 0, 0, 0, 5.615346
C:\Users\Mounika Sree\OneDrive\Desktop\simulator-windows-64\IMG\center_2022_05_27_22_52_38_419.jpg, C:\Users\Mounika Sree\OneDrive\Desktop\simulator-windows-64\IMG\left_2022_05_27_22_52_38_419.jpg, C:\Users\Mounika Sree\OneDrive\Desktop\simulator-windows-64\IMG\right_2022_05_27_22_52_38_419.jpg, 0, 0, 0, 1.098432
C:\Users\Mounika Sree\OneDrive\Desktop\simulator-windows-64\IMG\center_2022_05_27_22_52_38_596.jpg, C:\Users\Mounika Sree\OneDrive\Desktop\simulator-windows-64\IMG\left_2022_05_27_22_52_38_596.jpg, C:\Users\Mounika Sree\OneDrive\Desktop\simulator-windows-64\IMG\right_2022_05_27_22_52_38_596.jpg, 0, 0, 0, 0.5070192
C:\Users\Mounika Sree\OneDrive\Desktop\simulator-windows-64\IMG\center_2022_05_27_22_52_38_775.jpg, C:\Users\Mounika Sree\OneDrive\Desktop\simulator-windows-64\IMG\left_2022_05_27_22_52_38_775.jpg, C:\Users\Mounika Sree\OneDrive\Desktop\simulator-windows-64\IMG\right_2022_05_27_22_52_38_775.jpg, 0, 0, 0.5428152, 1.627875
C:\Users\Mounika Sree\OneDrive\Desktop\simulator-windows-64\IMG\center_2022_05_27_22_52_38_954.jpg, C:\Users\Mounika Sree\OneDrive\Desktop\simulator-windows-64\IMG\left_2022_05_27_22_52_38_954.jpg, C:\Users\Mounika Sree\OneDrive\Desktop\simulator-windows-64\IMG\right_2022_05_27_22_52_38_954.jpg, 0, 0, 1, 2.787494
C:\Users\Mounika Sree\OneDrive\Desktop\simulator-windows-64\IMG\center_2022_05_27_22_52_39_135.jpg, C:\Users\Mounika Sree\OneDrive\Desktop\simulator-windows-64\IMG\left_2022_05_27_22_52_39_135.jpg, C:\Users\Mounika Sree\OneDrive\Desktop\simulator-windows-64\IMG\right_2022_05_27_22_52_39_135.jpg, 0, 0, 1, 3.096555
C:\Users\Mounika Sree\OneDrive\Desktop\simulator-windows-64\IMG\center_2022_05_27_22_52_39_307.jpg, C:\Users\Mounika Sree\OneDrive\Desktop\simulator-windows-64\IMG\left_2022_05_27_22_52_39_307.jpg, C:\Users\Mounika Sree\OneDrive\Desktop\simulator-windows-64\IMG\right_2022_05_27_22_52_39_307.jpg, 0, 0, 1, 3.752089
C:\Users\Mounika Sree\OneDrive\Desktop\simulator-windows-64\IMG\center_2022_05_27_22_52_39_477.jpg, C:\Users\Mounika Sree\OneDrive\Desktop\simulator-windows-64\IMG\left_2022_05_27_22_52_39_477.jpg, C:\Users\Mounika Sree\OneDrive\Desktop\simulator-windows-64\IMG\right_2022_05_27_22_52_39_477.jpg, 0, 0, 1, 4.268783
C:\Users\Mounika Sree\OneDrive\Desktop\simulator-windows-64\IMG\center_2022_05_27_22_52_39_654.jpg, C:\Users\Mounika Sree\OneDrive\Desktop\simulator-windows-64\IMG\left_2022_05_27_22_52_39_654.jpg, C:\Users\Mounika Sree\OneDrive\Desktop\simulator-windows-64\IMG\right_2022_05_27_22_52_39_654.jpg, 0, 0, 1, 4.838676
C:\Users\Mounika Sree\OneDrive\Desktop\simulator-windows-64\IMG\center_2022_05_27_22_52_39_828.jpg, C:\Users\Mounika Sree\OneDrive\Desktop\simulator-windows-64\IMG\left_2022_05_27_22_52_39_828.jpg, C:\Users\Mounika Sree\OneDrive\Desktop\simulator-windows-64\IMG\right_2022_05_27_22_52_39_828.jpg, 0, 0, 1, 5.397989
C:\Users\Mounika Sree\OneDrive\Desktop\simulator-windows-64\IMG\center_2022_05_27_22_52_40_010.jpg, C:\Users\Mounika Sree\OneDrive\Desktop\simulator-windows-64\IMG\left_2022_05_27_22_52_40_010.jpg, C:\Users\Mounika Sree\OneDrive\Desktop\simulator-windows-64\IMG\right_2022_05_27_22_52_40_010.jpg, 0, 0, 1, 5.946757
C:\Users\Mounika Sree\OneDrive\Desktop\simulator-windows-64\IMG\center_2022_05_27_22_52_40_187.jpg, C:\Users\Mounika Sree\OneDrive\Desktop\simulator-windows-64\IMG\left_2022_05_27_22_52_40_187.jpg, C:\Users\Mounika Sree\OneDrive\Desktop\simulator-windows-64\IMG\right_2022_05_27_22_52_40_187.jpg, 0, 0, 1, 6.485096
C:\Users\Mounika Sree\OneDrive\Desktop\simulator-windows-64\IMG\center_2022_05_27_22_52_40_368.jpg, C:\Users\Mounika Sree\OneDrive\Desktop\simulator-windows-64\IMG\left_2022_05_27_22_52_40_368.jpg, C:\Users\Mounika Sree\OneDrive\Desktop\simulator-windows-64\IMG\right_2022_05_27_22_52_40_368.jpg, 0, 0, 1, 7.013169
C:\Users\Mounika Sree\OneDrive\Desktop\simulator-windows-64\IMG\center_2022_05_27_22_52_40_572.jpg, C:\Users\Mounika Sree\OneDrive\Desktop\simulator-windows-64\IMG\left_2022_05_27_22_52_40_572.jpg, C:\Users\Mounika Sree\OneDrive\Desktop\simulator-windows-64\IMG\right_2022_05_27_22_52_40_572.jpg, 0, 0, 1, 7.588109
C:\Users\Mounika Sree\OneDrive\Desktop\simulator-windows-64\IMG\center_2022_05_27_22_52_40_777.jpg, C:\Users\Mounika Sree\OneDrive\Desktop\simulator-windows-64\IMG\left_2022_05_27_22_52_40_777.jpg, C:\Users\Mounika Sree\OneDrive\Desktop\simulator-windows-64\IMG\right_2022_05_27_22_52_40_777.jpg, 0, 0, 1, 8.150869
C:\Users\Mounika Sree\OneDrive\Desktop\simulator-windows-64\IMG\center_2022_05_27_22_52_40_987.jpg, C:\Users\Mounika Sree\OneDrive\Desktop\simulator-windows-64\IMG\left_2022_05_27_22_52_40_987.jpg, C:\Users\Mounika Sree\OneDrive\Desktop\simulator-windows-64\IMG\right_2022_05_27_22_52_40_987.jpg, 0, 0, 1, 8.756145
C:\Users\Mounika Sree\OneDrive\Desktop\simulator-windows-64\IMG\center_2022_05_27_22_52_41_186.jpg, C:\Users\Mounika Sree\OneDrive\Desktop\simulator-windows-64\IMG\left_2022_05_27_22_52_41_186.jpg, C:\Users\Mounika Sree\OneDrive\Desktop\simulator-windows-64\IMG\right_2022_05_27_22_52_41_186.jpg, 0, 0, 0.4035079, 8.875456
C:\Users\Mounika Sree\OneDrive\Desktop\simulator-windows-64\IMG\center_2022_05_27_22_52_41_365.jpg, C:\Users\Mounika Sree\OneDrive\Desktop\simulator-windows-64\IMG\left_2022_05_27_22_52_41_365.jpg, C:\Users\Mounika Sree\OneDrive\Desktop\simulator-windows-64\IMG\right_2022_05_27_22_52_41_365.jpg, 0, 0, 0, 8.714862
C:\Users\Mounika Sree\OneDrive\Desktop\simulator-windows-64\IMG\center_2022_05_27_22_52_41_552.jpg, C:\Users\Mounika Sree\OneDrive\Desktop\simulator-windows-64\IMG\left_2022_05_27_22_52_41_552.jpg, C:\Users\Mounika Sree\OneDrive\Desktop\simulator-windows-64\IMG\right_2022_05_27_22_52_41_552.jpg, 0.5616657, 0, 0, 8.361054
C:\Users\Mounika Sree\OneDrive\Desktop\simulator-windows-64\IMG\center_2022_05_27_22_52_41_739.jpg, C:\Users\Mounika Sree\OneDrive\Desktop\simulator-windows-64\IMG\left_2022_05_27_22_52_41_739.jpg, C:\Users\Mounika Sree\OneDrive\Desktop\simulator-windows-64\IMG\right_2022_05_27_22_52_41_739.jpg, 1, 0, 0, 7.963458
C:\Users\Mounika Sree\OneDrive\Desktop\simulator-windows-64\IMG\center_2022_05_27_22_52_41_923.jpg, C:\Users\Mounika Sree\OneDrive\Desktop\simulator-windows-64\IMG\left_2022_05_27_22_52_41_923.jpg, C:\Users\Mounika Sree\OneDrive\Desktop\simulator-windows-64\IMG\right_2022_05_27_22_52_41_923.jpg, 1, 0, 0, 7.761645
C:\Users\Mounika Sree\OneDrive\Desktop\simulator-windows-64\IMG\center_2022_05_27_22_52_42_108.jpg, C:\Users\Mounika Sree\OneDrive\Desktop\simulator-windows-64\IMG\left_2022_05_27_22_52_42_108.jpg, C:\Users\Mounika Sree\OneDrive\Desktop\simulator-windows-64\IMG\right_2022_05_27_22_52_42_108.jpg, 1, 0, 0, 7.548554
C:\Users\Mounika Sree\OneDrive\Desktop\simulator-windows-64\IMG\center_2022_05_27_22_52_42_292.jpg, C:\Users\Mounika Sree\OneDrive\Desktop\simulator-windows-64\IMG\left_2022_05_27_22_52_42_292.jpg, C:\Users\Mounika Sree\OneDrive\Desktop\simulator-windows-64\IMG\right_2022_05_27_22_52_42_292.jpg, 1, 0, 0, 0.3162258
C:\Users\Mounika Sree\OneDrive\Desktop\simulator-windows-64\IMG\center_2022_05_27_22_52_42_476.jpg, C:\Users\Mounika Sree\OneDrive\Desktop\simulator-windows-64\IMG\left_2022_05_27_22_52_42_476.jpg, C:\Users\Mounika Sree\OneDrive\Desktop\simulator-windows-64\IMG\right_2022_05_27_22_52_42_476.jpg, 1, 0, 0, 0.08841938
C:\Users\Mounika Sree\OneDrive\Desktop\simulator-windows-64\IMG\center_2022_05_27_22_52_42_663.jpg, C:\Users\Mounika Sree\OneDrive\Desktop\simulator-windows-64\IMG\left_2022_05_27_22_52_42_663.jpg, C:\Users\Mounika Sree\OneDrive\Desktop\simulator-windows-64\IMG\right_2022_05_27_22_52_42_663.jpg, 0.441121, 0, 0, 0.02201535
C:\Users\Mounika Sree\OneDrive\Desktop\simulator-windows-64\IMG\center_2022_05_27_22_52_42_852.jpg, C:\Users\Mounika Sree\OneDrive\Desktop\simulator-windows-64\IMG\left_2022_05_27_22_52_42_852.jpg, C:\Users\Mounika Sree\OneDrive\Desktop\simulator-windows-64\IMG\right_2022_05_27_22_52_42_852.jpg, 1, 0, 0, 0.008533196
C:\Users\Mounika Sree\OneDrive\Desktop\simulator-windows-64\IMG\center_2022_05_27_22_52_43_036.jpg, C:\Users\Mounika Sree\OneDrive\Desktop\simulator-windows-64\IMG\left_2022_05_27_22_52_43_036.jpg, C:\Users\Mounika Sree\OneDrive\Desktop\simulator-windows-64\IMG\right_2022_05_27_22_52_43_036.jpg, 1, 0, 0, 0.007982739
C:\Users\Mounika Sree\OneDrive\Desktop\simulator-windows-64\IMG\center_2022_05_27_22_52_43_221.jpg, C:\Users\Mounika Sree\OneDrive\Desktop\simulator-windows-64\IMG\left_2022_05_27_22_52_43_221.jpg, C:\Users\Mounika Sree\OneDrive\Desktop\simulator-windows-64\IMG\right_2022_05_27_22_52_43_221.jpg, 1, 0, 0, 0.007584286
C:\Users\Mounika Sree\OneDrive\Desktop\simulator-windows-64\IMG\center_2022_05_27_22_52_43_407.jpg, C:\Users\Mounika Sree\OneDrive\Desktop\simulator-windows-64\IMG\left_2022_05_27_22_52_43_407.jpg, C:\Users\Mounika Sree\OneDrive\Desktop\simulator-windows-64\IMG\right_2022_05_27_22_52_43_407.jpg, 1, 0, 0, 8.949995E-05
C:\Users\Mounika Sree\OneDrive\Desktop\simulator-windows-64\IMG\center_2022_05_27_22_52_43_589.jpg, C:\Users\Mounika Sree\OneDrive\Desktop\simulator-windows-64\IMG\left_2022_05_27_22_52_43_589.jpg, C:\Users\Mounika Sree\OneDrive\Desktop\simulator-windows-64\IMG\right_2022_05_27_22_52_43_589.jpg, 1, 0, 0, 2.22101E-05
C:\Users\Mounika Sree\OneDrive\Desktop\simulator-windows-64\IMG\center_2022_05_27_22_52_43_774.jpg, C:\Users\Mounika Sree\OneDrive\Desktop\simulator-windows-64\IMG\left_2022_05_27_22_52_43_774.jpg, C:\Users\Mounika Sree\OneDrive\Desktop\simulator-windows-64\IMG\right_2022_05_27_22_52_43_774.jpg, 1, 0, 0, 2.171787E-06
C:\Users\Mounika Sree\OneDrive\Desktop\simulator-windows-64\IMG\center_2022_05_27_22_52_43_960.jpg, C:\Users\Mounika Sree\OneDrive\Desktop\simulator-windows-64\IMG\left_2022_05_27_22_52_43_960.jpg, C:\Users\Mounika Sree\OneDrive\Desktop\simulator-windows-64\IMG\right_2022_05_27_22_52_43_960.jpg, 0.4441437, 0, 0, 1.049472E-05
C:\Users\Mounika Sree\OneDrive\Desktop\simulator-windows-64\IMG\center_2022_05_27_22_52_44_139.jpg, C:\Users\Mounika Sree\OneDrive\Desktop\simulator-windows-64\IMG\left_2022_05_27_22_52_44_139.jpg, C:\Users\Mounika Sree\OneDrive\Desktop\simulator-windows-64\IMG\right_2022_05_27_22_52_44_139.jpg, 0.9836271, 0, 0, 2.063595E-06
C:\Users\Mounika Sree\OneDrive\Desktop\simulator-windows-64\IMG\center_2022_05_27_22_52_44_323.jpg, C:\Users\Mounika Sree\OneDrive\Desktop\simulator-windows-64\IMG\left_2022_05_27_22_52_44_323.jpg, C:\Users\Mounika Sree\OneDrive\Desktop\simulator-windows-64\IMG\right_2022_05_27_22_52_44_323.jpg, 1, 0, 0, 1.960847E-06
C:\Users\Mounika Sree\OneDrive\Desktop\simulator-windows-64\IMG\center_2022_05_27_22_52_44_507.jpg, C:\Users\Mounika Sree\OneDrive\Desktop\simulator-windows-64\IMG\left_2022_05_27_22_52_44_507.jpg, C:\Users\Mounika Sree\OneDrive\Desktop\simulator-windows-64\IMG\right_2022_05_27_22_52_44_507.jpg, 1, 0, 0, 2.479982E-06
C:\Users\Mounika Sree\OneDrive\Desktop\simulator-windows-64\IMG\center_2022_05_27_22_52_44_690.jpg, C:\Users\Mounika Sree\OneDrive\Desktop\simulator-windows-64\IMG\left_2022_05_27_22_52_44_690.jpg, C:\Users\Mounika Sree\OneDrive\Desktop\simulator-windows-64\IMG\right_2022_05_27_22_52_44_690.jpg, 1, 0, 0, 1.096342E-05
C:\Users\Mounika Sree\OneDrive\Desktop\simulator-windows-64\IMG\center_2022_05_27_22_52_44_875.jpg, C:\Users\Mounika Sree\OneDrive\Desktop\simulator-windows-64\IMG\left_2022_05_27_22_52_44_875.jpg, C:\Users\Mounika Sree\OneDrive\Desktop\simulator-windows-64\IMG\right_2022_05_27_22_52_44_875.jpg, 1, 0, 0.5460477, 0.009133277
C:\Users\Mounika Sree\OneDrive\Desktop\simulator-windows-64\IMG\center_2022_05_27_22_52_45_053.jpg, C:\Users\Mounika Sree\OneDrive\Desktop\simulator-windows-64\IMG\left_2022_05_27_22_52_45_053.jpg, C:\Users\Mounika Sree\OneDrive\Desktop\simulator-windows-64\IMG\right_2022_05_27_22_52_45_053.jpg, 1, 0, 1, 0.01718497
C:\Users\Mounika Sree\OneDrive\Desktop\simulator-windows-64\IMG\center_2022_05_27_22_52_45_235.jpg, C:\Users\Mounika Sree\OneDrive\Desktop\simulator-windows-64\IMG\left_2022_05_27_22_52_45_235.jpg, C:\Users\Mounika Sree\OneDrive\Desktop\simulator-windows-64\IMG\right_2022_05_27_22_52_45_235.jpg, 1, 0, 0.4583995, 0.009259693
C:\Users\Mounika Sree\OneDrive\Desktop\simulator-windows-64\IMG\center_2022_05_27_22_52_45_413.jpg, C:\Users\Mounika Sree\OneDrive\Desktop\simulator-windows-64\IMG\left_2022_05_27_22_52_45_413.jpg, C:\Users\Mounika Sree\OneDrive\Desktop\simulator-windows-64\IMG\right_2022_05_27_22_52_45_413.jpg, 0.4628308, 0, 0, 0.004515866
C:\Users\Mounika Sree\OneDrive\Desktop\simulator-windows-64\IMG\center_2022_05_27_22_52_45_588.jpg, C:\Users\Mounika Sree\OneDrive\Desktop\simulator-windows-64\IMG\left_2022_05_27_22_52_45_588.jpg, C:\Users\Mounika Sree\OneDrive\Desktop\simulator-windows-64\IMG\right_2022_05_27_22_52_45_588.jpg, 0, 0, 0, 0.001019599
C:\Users\Mounika Sree\OneDrive\Desktop\simulator-windows-64\IMG\center_2022_05_27_22_52_45_770.jpg, C:\Users\Mounika Sree\OneDrive\Desktop\simulator-windows-64\IMG\left_2022_05_27_22_52_45_770.jpg, C:\Users\Mounika Sree\OneDrive\Desktop\simulator-windows-64\IMG\right_2022_05_27_22_52_45_770.jpg, 0.5446353, 0, 0, 0.000912595
C:\Users\Mounika Sree\OneDrive\Desktop\simulator-windows-64\IMG\center_2022_05_27_22_52_45_950.jpg, C:\Users\Mounika Sree\OneDrive\Desktop\simulator-windows-64\IMG\left_2022_05_27_22_52_45_950.jpg, C:\Users\Mounika Sree\OneDrive\Desktop\simulator-windows-64\IMG\right_2022_05_27_22_52_45_950.jpg, 1, 0, 0, 0.0008410281
C:\Users\Mounika Sree\OneDrive\Desktop\simulator-windows-64\IMG\center_2022_05_27_22_52_46_130.jpg, C:\Users\Mounika Sree\OneDrive\Desktop\simulator-windows-64\IMG\left_2022_05_27_22_52_46_130.jpg, C:\Users\Mounika Sree\OneDrive\Desktop\simulator-windows-64\IMG\right_2022_05_27_22_52_46_130.jpg, 1, 0, 0, 0.0008081649
C:\Users\Mounika Sree\OneDrive\Desktop\simulator-windows-64\IMG\center_2022_05_27_22_52_46_309.jpg, C:\Users\Mounika Sree\OneDrive\Desktop\simulator-windows-64\IMG\left_2022_05_27_22_52_46_309.jpg, C:\Users\Mounika Sree\OneDrive\Desktop\simulator-windows-64\IMG\right_2022_05_27_22_52_46_309.jpg, 0.4579264, 0, 0, 1.225888E-05
C:\Users\Mounika Sree\OneDrive\Desktop\simulator-windows-64\IMG\center_2022_05_27_22_52_46_493.jpg, C:\Users\Mounika Sree\OneDrive\Desktop\simulator-windows-64\IMG\left_2022_05_27_22_52_46_493.jpg, C:\Users\Mounika Sree\OneDrive\Desktop\simulator-windows-64\IMG\right_2022_05_27_22_52_46_493.jpg, 0, 0, 0, 2.703428E-06
C:\Users\Mounika Sree\OneDrive\Desktop\simulator-windows-64\IMG\center_2022_05_27_22_52_46_675.jpg, C:\Users\Mounika Sree\OneDrive\Desktop\simulator-windows-64\IMG\left_2022_05_27_22_52_46_675.jpg, C:\Users\Mounika Sree\OneDrive\Desktop\simulator-windows-64\IMG\right_2022_05_27_22_52_46_675.jpg, 0.5468475, 0, 0, 9.794135E-06
C:\Users\Mounika Sree\OneDrive\Desktop\simulator-windows-64\IMG\center_2022_05_27_22_52_46_858.jpg, C:\Users\Mounika Sree\OneDrive\Desktop\simulator-windows-64\IMG\left_2022_05_27_22_52_46_858.jpg, C:\Users\Mounika Sree\OneDrive\Desktop\simulator-windows-64\IMG\right_2022_05_27_22_52_46_858.jpg, 1, 0, 0, 6.62079E-06
C:\Users\Mounika Sree\OneDrive\Desktop\simulator-windows-64\IMG\center_2022_05_27_22_52_47_041.jpg, C:\Users\Mounika Sree\OneDrive\Desktop\simulator-windows-64\IMG\left_2022_05_27_22_52_47_041.jpg, C:\Users\Mounika Sree\OneDrive\Desktop\simulator-windows-64\IMG\right_2022_05_27_22_52_47_041.jpg, 1, 0, 0, 1.263493E-05
C:\Users\Mounika Sree\OneDrive\Desktop\simulator-windows-64\IMG\center_2022_05_27_22_52_47_229.jpg, C:\Users\Mounika Sree\OneDrive\Desktop\simulator-windows-64\IMG\left_2022_05_27_22_52_47_229.jpg, C:\Users\Mounika Sree\OneDrive\Desktop\simulator-windows-64\IMG\right_2022_05_27_22_52_47_229.jpg, 0.4396969, 0.5603031, 0, 1.293899
C:\Users\Mounika Sree\OneDrive\Desktop\simulator-windows-64\IMG\center_2022_05_27_22_52_47_413.jpg, C:\Users\Mounika Sree\OneDrive\Desktop\simulator-windows-64\IMG\left_2022_05_27_22_52_47_413.jpg, C:\Users\Mounika Sree\OneDrive\Desktop\simulator-windows-64\IMG\right_2022_05_27_22_52_47_413.jpg, 0, 0.01115251, 0, 1.314627
C:\Users\Mounika Sree\OneDrive\Desktop\simulator-windows-64\IMG\center_2022_05_27_22_52_47_594.jpg, C:\Users\Mounika Sree\OneDrive\Desktop\simulator-windows-64\IMG\left_2022_05_27_22_52_47_594.jpg, C:\Users\Mounika Sree\OneDrive\Desktop\simulator-windows-64\IMG\right_2022_05_27_22_52_47_594.jpg, 0, 0, 0, 1.29078
C:\Users\Mounika Sree\OneDrive\Desktop\simulator-windows-64\IMG\center_2022_05_27_22_52_47_776.jpg, C:\Users\Mounika Sree\OneDrive\Desktop\simulator-windows-64\IMG\left_2022_05_27_22_52_47_776.jpg, C:\Users\Mounika Sree\OneDrive\Desktop\simulator-windows-64\IMG\right_2022_05_27_22_52_47_776.jpg, 0, 0.5497233, 0, 2.449911
C:\Users\Mounika Sree\OneDrive\Desktop\simulator-windows-64\IMG\center_2022_05_27_22_52_47_960.jpg, C:\Users\Mounika Sree\OneDrive\Desktop\simulator-windows-64\IMG\left_2022_05_27_22_52_47_960.jpg, C:\Users\Mounika Sree\OneDrive\Desktop\simulator-windows-64\IMG\right_2022_05_27_22_52_47_960.jpg, 0, 0, 0, 2.421441
C:\Users\Mounika Sree\OneDrive\Desktop\simulator-windows-64\IMG\center_2022_05_27_22_52_48_137.jpg, C:\Users\Mounika Sree\OneDrive\Desktop\simulator-windows-64\IMG\left_2022_05_27_22_52_48_137.jpg, C:\Users\Mounika Sree\OneDrive\Desktop\simulator-windows-64\IMG\right_2022_05_27_22_52_48_137.jpg, 0, 0, 0, 2.377876
C:\Users\Mounika Sree\OneDrive\Desktop\simulator-windows-64\IMG\center_2022_05_27_22_52_48_320.jpg, C:\Users\Mounika Sree\OneDrive\Desktop\simulator-windows-64\IMG\left_2022_05_27_22_52_48_320.jpg, C:\Users\Mounika Sree\OneDrive\Desktop\simulator-windows-64\IMG\right_2022_05_27_22_52_48_320.jpg, -0.5455212, 0, 0, 2.282631
C:\Users\Mounika Sree\OneDrive\Desktop\simulator-windows-64\IMG\center_2022_05_27_22_52_48_496.jpg, C:\Users\Mounika Sree\OneDrive\Desktop\simulator-windows-64\IMG\left_2022_05_27_22_52_48_496.jpg, C:\Users\Mounika Sree\OneDrive\Desktop\simulator-windows-64\IMG\right_2022_05_27_22_52_48_496.jpg, -1, 0, 0, 2.157722
C:\Users\Mounika Sree\OneDrive\Desktop\simulator-windows-64\IMG\center_2022_05_27_22_52_48_672.jpg, C:\Users\Mounika Sree\OneDrive\Desktop\simulator-windows-64\IMG\left_2022_05_27_22_52_48_672.jpg, C:\Users\Mounika Sree\OneDrive\Desktop\simulator-windows-64\IMG\right_2022_05_27_22_52_48_672.jpg, -1, 0, 0, 2.091982
C:\Users\Mounika Sree\OneDrive\Desktop\simulator-windows-64\IMG\center_2022_05_27_22_52_48_844.jpg, C:\Users\Mounika Sree\OneDrive\Desktop\simulator-windows-64\IMG\left_2022_05_27_22_52_48_844.jpg, C:\Users\Mounika Sree\OneDrive\Desktop\simulator-windows-64\IMG\right_2022_05_27_22_52_48_844.jpg, -1, 0, 0, 2.034927
C:\Users\Mounika Sree\OneDrive\Desktop\simulator-windows-64\IMG\center_2022_05_27_22_52_49_021.jpg, C:\Users\Mounika Sree\OneDrive\Desktop\simulator-windows-64\IMG\left_2022_05_27_22_52_49_021.jpg, C:\Users\Mounika Sree\OneDrive\Desktop\simulator-windows-64\IMG\right_2022_05_27_22_52_49_021.jpg, -1, 0, 0, 1.972251
C:\Users\Mounika Sree\OneDrive\Desktop\simulator-windows-64\IMG\center_2022_05_27_22_52_49_197.jpg, C:\Users\Mounika Sree\OneDrive\Desktop\simulator-windows-64\IMG\left_2022_05_27_22_52_49_197.jpg, C:\Users\Mounika Sree\OneDrive\Desktop\simulator-windows-64\IMG\right_2022_05_27_22_52_49_197.jpg, -1, 0.5247321, 0, 3.014874
C:\Users\Mounika Sree\OneDrive\Desktop\simulator-windows-64\IMG\center_2022_05_27_22_52_49_372.jpg, C:\Users\Mounika Sree\OneDrive\Desktop\simulator-windows-64\IMG\left_2022_05_27_22_52_49_372.jpg, C:\Users\Mounika Sree\OneDrive\Desktop\simulator-windows-64\IMG\right_2022_05_27_22_52_49_372.jpg, -1, 1, 0, 5.017171
C:\Users\Mounika Sree\OneDrive\Desktop\simulator-windows-64\IMG\center_2022_05_27_22_52_49_547.jpg, C:\Users\Mounika Sree\OneDrive\Desktop\simulator-windows-64\IMG\left_2022_05_27_22_52_49_547.jpg, C:\Users\Mounika Sree\OneDrive\Desktop\simulator-windows-64\IMG\right_2022_05_27_22_52_49_547.jpg, -1, 1, 0, 6.997746
C:\Users\Mounika Sree\OneDrive\Desktop\simulator-windows-64\IMG\center_2022_05_27_22_52_49_720.jpg, C:\Users\Mounika Sree\OneDrive\Desktop\simulator-windows-64\IMG\left_2022_05_27_22_52_49_720.jpg, C:\Users\Mounika Sree\OneDrive\Desktop\simulator-windows-64\IMG\right_2022_05_27_22_52_49_720.jpg, -1, 1, 0, 8.725282
C:\Users\Mounika Sree\OneDrive\Desktop\simulator-windows-64\IMG\center_2022_05_27_22_52_49_893.jpg, C:\Users\Mounika Sree\OneDrive\Desktop\simulator-windows-64\IMG\left_2022_05_27_22_52_49_893.jpg, C:\Users\Mounika Sree\OneDrive\Desktop\simulator-windows-64\IMG\right_2022_05_27_22_52_49_893.jpg, -1, 1, 0, 10.63424
C:\Users\Mounika Sree\OneDrive\Desktop\simulator-windows-64\IMG\center_2022_05_27_22_52_50_073.jpg, C:\Users\Mounika Sree\OneDrive\Desktop\simulator-windows-64\IMG\left_2022_05_27_22_52_50_073.jpg, C:\Users\Mounika Sree\OneDrive\Desktop\simulator-windows-64\IMG\right_2022_05_27_22_52_50_073.jpg, -1, 1, 0, 12.33737
C:\Users\Mounika Sree\OneDrive\Desktop\simulator-windows-64\IMG\center_2022_05_27_22_52_50_255.jpg, C:\Users\Mounika Sree\OneDrive\Desktop\simulator-windows-64\IMG\left_2022_05_27_22_52_50_255.jpg, C:\Users\Mounika Sree\OneDrive\Desktop\simulator-windows-64\IMG\right_2022_05_27_22_52_50_255.jpg, -1, 1, 0, 14.46864
C:\Users\Mounika Sree\OneDrive\Desktop\simulator-windows-64\IMG\center_2022_05_27_22_52_50_441.jpg, C:\Users\Mounika Sree\OneDrive\Desktop\simulator-windows-64\IMG\left_2022_05_27_22_52_50_441.jpg, C:\Users\Mounika Sree\OneDrive\Desktop\simulator-windows-64\IMG\right_2022_05_27_22_52_50_441.jpg, -0.4428748, 0.4428748, 0, 14.9617
C:\Users\Mounika Sree\OneDrive\Desktop\simulator-windows-64\IMG\center_2022_05_27_22_52_50_631.jpg, C:\Users\Mounika Sree\OneDrive\Desktop\simulator-windows-64\IMG\left_2022_05_27_22_52_50_631.jpg, C:\Users\Mounika Sree\OneDrive\Desktop\simulator-windows-64\IMG\right_2022_05_27_22_52_50_631.jpg, 0, 0, 0, 14.55337
C:\Users\Mounika Sree\OneDrive\Desktop\simulator-windows-64\IMG\center_2022_05_27_22_52_50_828.jpg, C:\Users\Mounika Sree\OneDrive\Desktop\simulator-windows-64\IMG\left_2022_05_27_22_52_50_828.jpg, C:\Users\Mounika Sree\OneDrive\Desktop\simulator-windows-64\IMG\right_2022_05_27_22_52_50_828.jpg, 0, 0, 0, 14.80563
C:\Users\Mounika Sree\OneDrive\Desktop\simulator-windows-64\IMG\center_2022_05_27_22_52_51_030.jpg, C:\Users\Mounika Sree\OneDrive\Desktop\simulator-windows-64\IMG\left_2022_05_27_22_52_51_030.jpg, C:\Users\Mounika Sree\OneDrive\Desktop\simulator-windows-64\IMG\right_2022_05_27_22_52_51_030.jpg, 0, 0.6054795, 0, 15.51974
C:\Users\Mounika Sree\OneDrive\Desktop\simulator-windows-64\IMG\center_2022_05_27_22_52_51_230.jpg, C:\Users\Mounika Sree\OneDrive\Desktop\simulator-windows-64\IMG\left_2022_05_27_22_52_51_230.jpg, C:\Users\Mounika Sree\OneDrive\Desktop\simulator-windows-64\IMG\right_2022_05_27_22_52_51_230.jpg, 0, 1, 0, 17.73586
C:\Users\Mounika Sree\OneDrive\Desktop\simulator-windows-64\IMG\center_2022_05_27_22_52_51_428.jpg, C:\Users\Mounika Sree\OneDrive\Desktop\simulator-windows-64\IMG\left_2022_05_27_22_52_51_428.jpg, C:\Users\Mounika Sree\OneDrive\Desktop\simulator-windows-64\IMG\right_2022_05_27_22_52_51_428.jpg, 0, 1, 0, 19.80451
C:\Users\Mounika Sree\OneDrive\Desktop\simulator-windows-64\IMG\center_2022_05_27_22_52_51_626.jpg, C:\Users\Mounika Sree\OneDrive\Desktop\simulator-windows-64\IMG\left_2022_05_27_22_52_51_626.jpg, C:\Users\Mounika Sree\OneDrive\Desktop\simulator-windows-64\IMG\right_2022_05_27_22_52_51_626.jpg, 0, 0.4049125, 0, 20.37847
C:\Users\Mounika Sree\OneDrive\Desktop\simulator-windows-64\IMG\center_2022_05_27_22_52_51_826.jpg, C:\Users\Mounika Sree\OneDrive\Desktop\simulator-windows-64\IMG\left_2022_05_27_22_52_51_826.jpg, C:\Users\Mounika Sree\OneDrive\Desktop\simulator-windows-64\IMG\right_2022_05_27_22_52_51_826.jpg, -0.599814, 0, 0, 19.51148
C:\Users\Mounika Sree\OneDrive\Desktop\simulator-windows-64\IMG\center_2022_05_27_22_52_52_028.jpg, C:\Users\Mounika Sree\OneDrive\Desktop\simulator-windows-64\IMG\left_2022_05_27_22_52_52_028.jpg, C:\Users\Mounika Sree\OneDrive\Desktop\simulator-windows-64\IMG\right_2022_05_27_22_52_52_028.jpg, -1, 0, 0, 18.4902
C:\Users\Mounika Sree\OneDrive\Desktop\simulator-windows-64\IMG\center_2022_05_27_22_52_52_233.jpg, C:\Users\Mounika Sree\OneDrive\Desktop\simulator-windows-64\IMG\left_2022_05_27_22_52_52_233.jpg, C:\Users\Mounika Sree\OneDrive\Desktop\simulator-windows-64\IMG\right_2022_05_27_22_52_52_233.jpg, -1, 0, 0, 17.90179
C:\Users\Mounika Sree\OneDrive\Desktop\simulator-windows-64\IMG\center_2022_05_27_22_52_52_448.jpg, C:\Users\Mounika Sree\OneDrive\Desktop\simulator-windows-64\IMG\left_2022_05_27_22_52_52_448.jpg, C:\Users\Mounika Sree\OneDrive\Desktop\simulator-windows-64\IMG\right_2022_05_27_22_52_52_448.jpg, -1, 0.6436497, 0, 19.32873
C:\Users\Mounika Sree\OneDrive\Desktop\simulator-windows-64\IMG\center_2022_05_27_22_52_52_681.jpg, C:\Users\Mounika Sree\OneDrive\Desktop\simulator-windows-64\IMG\left_2022_05_27_22_52_52_681.jpg, C:\Users\Mounika Sree\OneDrive\Desktop\simulator-windows-64\IMG\right_2022_05_27_22_52_52_681.jpg, -1, 0, 0, 18.61827
C:\Users\Mounika Sree\OneDrive\Desktop\simulator-windows-64\IMG\center_2022_05_27_22_52_52_925.jpg, C:\Users\Mounika Sree\OneDrive\Desktop\simulator-windows-64\IMG\left_2022_05_27_22_52_52_925.jpg, C:\Users\Mounika Sree\OneDrive\Desktop\simulator-windows-64\IMG\right_2022_05_27_22_52_52_925.jpg, -1, 0.7292022, 0, 20.12589
C:\Users\Mounika Sree\OneDrive\Desktop\simulator-windows-64\IMG\center_2022_05_27_22_52_53_153.jpg, C:\Users\Mounika Sree\OneDrive\Desktop\simulator-windows-64\IMG\left_2022_05_27_22_52_53_153.jpg, C:\Users\Mounika Sree\OneDrive\Desktop\simulator-windows-64\IMG\right_2022_05_27_22_52_53_153.jpg, -0.3152368, 0.04443902, 0, 19.78875
C:\Users\Mounika Sree\OneDrive\Desktop\simulator-windows-64\IMG\center_2022_05_27_22_52_53_358.jpg, C:\Users\Mounika Sree\OneDrive\Desktop\simulator-windows-64\IMG\left_2022_05_27_22_52_53_358.jpg, C:\Users\Mounika Sree\OneDrive\Desktop\simulator-windows-64\IMG\right_2022_05_27_22_52_53_358.jpg, 0, 0, 0, 17.53646
C:\Users\Mounika Sree\OneDrive\Desktop\simulator-windows-64\IMG\center_2022_05_27_22_52_53_546.jpg, C:\Users\Mounika Sree\OneDrive\Desktop\simulator-windows-64\IMG\left_2022_05_27_22_52_53_546.jpg, C:\Users\Mounika Sree\OneDrive\Desktop\simulator-windows-64\IMG\right_2022_05_27_22_52_53_546.jpg, 0.5443095, 0, 0, 15.93015
C:\Users\Mounika Sree\OneDrive\Desktop\simulator-windows-64\IMG\center_2022_05_27_22_52_53_725.jpg, C:\Users\Mounika Sree\OneDrive\Desktop\simulator-windows-64\IMG\left_2022_05_27_22_52_53_725.jpg, C:\Users\Mounika Sree\OneDrive\Desktop\simulator-windows-64\IMG\right_2022_05_27_22_52_53_725.jpg, 0, 0, 0, 8.471715
C:\Users\Mounika Sree\OneDrive\Desktop\simulator-windows-64\IMG\center_2022_05_27_22_52_53_897.jpg, C:\Users\Mounika Sree\OneDrive\Desktop\simulator-windows-64\IMG\left_2022_05_27_22_52_53_897.jpg, C:\Users\Mounika Sree\OneDrive\Desktop\simulator-windows-64\IMG\right_2022_05_27_22_52_53_897.jpg, 0, 0, 0, 3.969727
C:\Users\Mounika Sree\OneDrive\Desktop\simulator-windows-64\IMG\center_2022_05_27_22_52_54_083.jpg, C:\Users\Mounika Sree\OneDrive\Desktop\simulator-windows-64\IMG\left_2022_05_27_22_52_54_083.jpg, C:\Users\Mounika Sree\OneDrive\Desktop\simulator-windows-64\IMG\right_2022_05_27_22_52_54_083.jpg, 0, 0, 0, 1.561092
C:\Users\Mounika Sree\OneDrive\Desktop\simulator-windows-64\IMG\center_2022_05_27_22_52_54_276.jpg, C:\Users\Mounika Sree\OneDrive\Desktop\simulator-windows-64\IMG\left_2022_05_27_22_52_54_276.jpg, C:\Users\Mounika Sree\OneDrive\Desktop\simulator-windows-64\IMG\right_2022_05_27_22_52_54_276.jpg, 0, 0, 0, 0.1153402
C:\Users\Mounika Sree\OneDrive\Desktop\simulator-windows-64\IMG\center_2022_05_27_22_52_54_464.jpg, C:\Users\Mounika Sree\OneDrive\Desktop\simulator-windows-64\IMG\left_2022_05_27_22_52_54_464.jpg, C:\Users\Mounika Sree\OneDrive\Desktop\simulator-windows-64\IMG\right_2022_05_27_22_52_54_464.jpg, 0.5803059, 0, 0, 0.1128008
C:\Users\Mounika Sree\OneDrive\Desktop\simulator-windows-64\IMG\center_2022_05_27_22_52_54_654.jpg, C:\Users\Mounika Sree\OneDrive\Desktop\simulator-windows-64\IMG\left_2022_05_27_22_52_54_654.jpg, C:\Users\Mounika Sree\OneDrive\Desktop\simulator-windows-64\IMG\right_2022_05_27_22_52_54_654.jpg, 1, 0, 0, 0.08073585
C:\Users\Mounika Sree\OneDrive\Desktop\simulator-windows-64\IMG\center_2022_05_27_22_52_54_844.jpg, C:\Users\Mounika Sree\OneDrive\Desktop\simulator-windows-64\IMG\left_2022_05_27_22_52_54_844.jpg, C:\Users\Mounika Sree\OneDrive\Desktop\simulator-windows-64\IMG\right_2022_05_27_22_52_54_844.jpg, 0.4304308, 0, 0, 0.01569133
C:\Users\Mounika Sree\OneDrive\Desktop\simulator-windows-64\IMG\center_2022_05_27_22_52_55_028.jpg, C:\Users\Mounika Sree\OneDrive\Desktop\simulator-windows-64\IMG\left_2022_05_27_22_52_55_028.jpg, C:\Users\Mounika Sree\OneDrive\Desktop\simulator-windows-64\IMG\right_2022_05_27_22_52_55_028.jpg, 0.9861611, 0, 0, 0.00818192
C:\Users\Mounika Sree\OneDrive\Desktop\simulator-windows-64\IMG\center_2022_05_27_22_52_55_217.jpg, C:\Users\Mounika Sree\OneDrive\Desktop\simulator-windows-64\IMG\left_2022_05_27_22_52_55_217.jpg, C:\Users\Mounika Sree\OneDrive\Desktop\simulator-windows-64\IMG\right_2022_05_27_22_52_55_217.jpg, 1, 0, 0, 0.001471961
C:\Users\Mounika Sree\OneDrive\Desktop\simulator-windows-64\IMG\center_2022_05_27_22_52_55_403.jpg, C:\Users\Mounika Sree\OneDrive\Desktop\simulator-windows-64\IMG\left_2022_05_27_22_52_55_403.jpg, C:\Users\Mounika Sree\OneDrive\Desktop\simulator-windows-64\IMG\right_2022_05_27_22_52_55_403.jpg, 1, 0, 0, 0.001729639
C:\Users\Mounika Sree\OneDrive\Desktop\simulator-windows-64\IMG\center_2022_05_27_22_52_55_605.jpg, C:\Users\Mounika Sree\OneDrive\Desktop\simulator-windows-64\IMG\left_2022_05_27_22_52_55_605.jpg, C:\Users\Mounika Sree\OneDrive\Desktop\simulator-windows-64\IMG\right_2022_05_27_22_52_55_605.jpg, 1, 0, 0, 0.001442498
C:\Users\Mounika Sree\OneDrive\Desktop\simulator-windows-64\IMG\center_2022_05_27_22_52_55_797.jpg, C:\Users\Mounika Sree\OneDrive\Desktop\simulator-windows-64\IMG\left_2022_05_27_22_52_55_797.jpg, C:\Users\Mounika Sree\OneDrive\Desktop\simulator-windows-64\IMG\right_2022_05_27_22_52_55_797.jpg, 0.4319812, 0.5680188, 0, 0.00964967
C:\Users\Mounika Sree\OneDrive\Desktop\simulator-windows-64\IMG\center_2022_05_27_22_52_55_992.jpg, C:\Users\Mounika Sree\OneDrive\Desktop\simulator-windows-64\IMG\left_2022_05_27_22_52_55_992.jpg, C:\Users\Mounika Sree\OneDrive\Desktop\simulator-windows-64\IMG\right_2022_05_27_22_52_55_992.jpg, 0, 1, 0, 0.01249428
C:\Users\Mounika Sree\OneDrive\Desktop\simulator-windows-64\IMG\center_2022_05_27_22_52_56_184.jpg, C:\Users\Mounika Sree\OneDrive\Desktop\simulator-windows-64\IMG\left_2022_05_27_22_52_56_184.jpg, C:\Users\Mounika Sree\OneDrive\Desktop\simulator-windows-64\IMG\right_2022_05_27_22_52_56_184.jpg, 0, 1, 0, 0.0114124
C:\Users\Mounika Sree\OneDrive\Desktop\simulator-windows-64\IMG\center_2022_05_27_22_52_56_363.jpg, C:\Users\Mounika Sree\OneDrive\Desktop\simulator-windows-64\IMG\left_2022_05_27_22_52_56_363.jpg, C:\Users\Mounika Sree\OneDrive\Desktop\simulator-windows-64\IMG\right_2022_05_27_22_52_56_363.jpg, 0, 1, 0, 0.005822274
C:\Users\Mounika Sree\OneDrive\Desktop\simulator-windows-64\IMG\center_2022_05_27_22_52_56_550.jpg, C:\Users\Mounika Sree\OneDrive\Desktop\simulator-windows-64\IMG\left_2022_05_27_22_52_56_550.jpg, C:\Users\Mounika Sree\OneDrive\Desktop\simulator-windows-64\IMG\right_2022_05_27_22_52_56_550.jpg, 0, 1, 0, 0.003526222
C:\Users\Mounika Sree\OneDrive\Desktop\simulator-windows-64\IMG\center_2022_05_27_22_52_56_740.jpg, C:\Users\Mounika Sree\OneDrive\Desktop\simulator-windows-64\IMG\left_2022_05_27_22_52_56_740.jpg, C:\Users\Mounika Sree\OneDrive\Desktop\simulator-windows-64\IMG\right_2022_05_27_22_52_56_740.jpg, 0, 1, 0, 0.01022023
C:\Users\Mounika Sree\OneDrive\Desktop\simulator-windows-64\IMG\center_2022_05_27_22_52_56_931.jpg, C:\Users\Mounika Sree\OneDrive\Desktop\simulator-windows-64\IMG\left_2022_05_27_22_52_56_931.jpg, C:\Users\Mounika Sree\OneDrive\Desktop\simulator-windows-64\IMG\right_2022_05_27_22_52_56_931.jpg, 0, 1, 0, 0.005516572
C:\Users\Mounika Sree\OneDrive\Desktop\simulator-windows-64\IMG\center_2022_05_27_22_52_57_122.jpg, C:\Users\Mounika Sree\OneDrive\Desktop\simulator-windows-64\IMG\left_2022_05_27_22_52_57_122.jpg, C:\Users\Mounika Sree\OneDrive\Desktop\simulator-windows-64\IMG\right_2022_05_27_22_52_57_122.jpg, 0, 0.4257031, 0, 0.01072968
C:\Users\Mounika Sree\OneDrive\Desktop\simulator-windows-64\IMG\center_2022_05_27_22_52_57_311.jpg, C:\Users\Mounika Sree\OneDrive\Desktop\simulator-windows-64\IMG\left_2022_05_27_22_52_57_311.jpg, C:\Users\Mounika Sree\OneDrive\Desktop\simulator-windows-64\IMG\right_2022_05_27_22_52_57_311.jpg, 0, 0, 0, 0.01587038
C:\Users\Mounika Sree\OneDrive\Desktop\simulator-windows-64\IMG\center_2022_05_27_22_52_57_505.jpg, C:\Users\Mounika Sree\OneDrive\Desktop\simulator-windows-64\IMG\left_2022_05_27_22_52_57_505.jpg, C:\Users\Mounika Sree\OneDrive\Desktop\simulator-windows-64\IMG\right_2022_05_27_22_52_57_505.jpg, 0, 0, 0.5846691, 0.01610231
C:\Users\Mounika Sree\OneDrive\Desktop\simulator-windows-64\IMG\center_2022_05_27_22_52_57_704.jpg, C:\Users\Mounika Sree\OneDrive\Desktop\simulator-windows-64\IMG\left_2022_05_27_22_52_57_704.jpg, C:\Users\Mounika Sree\OneDrive\Desktop\simulator-windows-64\IMG\right_2022_05_27_22_52_57_704.jpg, 0, 0, 1, 0.01501465
C:\Users\Mounika Sree\OneDrive\Desktop\simulator-windows-64\IMG\center_2022_05_27_22_52_57_908.jpg, C:\Users\Mounika Sree\OneDrive\Desktop\simulator-windows-64\IMG\left_2022_05_27_22_52_57_908.jpg, C:\Users\Mounika Sree\OneDrive\Desktop\simulator-windows-64\IMG\right_2022_05_27_22_52_57_908.jpg, 0, 0, 1, 0.00331929
C:\Users\Mounika Sree\OneDrive\Desktop\simulator-windows-64\IMG\center_2022_05_27_22_52_58_114.jpg, C:\Users\Mounika Sree\OneDrive\Desktop\simulator-windows-64\IMG\left_2022_05_27_22_52_58_114.jpg, C:\Users\Mounika Sree\OneDrive\Desktop\simulator-windows-64\IMG\right_2022_05_27_22_52_58_114.jpg, 0, 0, 1, 0.01675518
C:\Users\Mounika Sree\OneDrive\Desktop\simulator-windows-64\IMG\center_2022_05_27_22_52_58_316.jpg, C:\Users\Mounika Sree\OneDrive\Desktop\simulator-windows-64\IMG\left_2022_05_27_22_52_58_316.jpg, C:\Users\Mounika Sree\OneDrive\Desktop\simulator-windows-64\IMG\right_2022_05_27_22_52_58_316.jpg, 0, 0, 1, 0.01021221
C:\Users\Mounika Sree\OneDrive\Desktop\simulator-windows-64\IMG\center_2022_05_27_22_52_58_531.jpg, C:\Users\Mounika Sree\OneDrive\Desktop\simulator-windows-64\IMG\left_2022_05_27_22_52_58_531.jpg, C:\Users\Mounika Sree\OneDrive\Desktop\simulator-windows-64\IMG\right_2022_05_27_22_52_58_531.jpg, 0, 0, 1, 0.004206058
C:\Users\Mounika Sree\OneDrive\Desktop\simulator-windows-64\IMG\center_2022_05_27_22_52_58_736.jpg, C:\Users\Mounika Sree\OneDrive\Desktop\simulator-windows-64\IMG\left_2022_05_27_22_52_58_736.jpg, C:\Users\Mounika Sree\OneDrive\Desktop\simulator-windows-64\IMG\right_2022_05_27_22_52_58_736.jpg, 0, 0, 1, 0.002998438
C:\Users\Mounika Sree\OneDrive\Desktop\simulator-windows-64\IMG\center_2022_05_27_22_52_58_946.jpg, C:\Users\Mounika Sree\OneDrive\Desktop\simulator-windows-64\IMG\left_2022_05_27_22_52_58_946.jpg, C:\Users\Mounika Sree\OneDrive\Desktop\simulator-windows-64\IMG\right_2022_05_27_22_52_58_946.jpg, 0, 0, 1, 0.002799331
C:\Users\Mounika Sree\OneDrive\Desktop\simulator-windows-64\IMG\center_2022_05_27_22_52_59_155.jpg, C:\Users\Mounika Sree\OneDrive\Desktop\simulator-windows-64\IMG\left_2022_05_27_22_52_59_155.jpg, C:\Users\Mounika Sree\OneDrive\Desktop\simulator-windows-64\IMG\right_2022_05_27_22_52_59_155.jpg, 0, 0, 1, 0.006090409
C:\Users\Mounika Sree\OneDrive\Desktop\simulator-windows-64\IMG\center_2022_05_27_22_52_59_364.jpg, C:\Users\Mounika Sree\OneDrive\Desktop\simulator-windows-64\IMG\left_2022_05_27_22_52_59_364.jpg, C:\Users\Mounika Sree\OneDrive\Desktop\simulator-windows-64\IMG\right_2022_05_27_22_52_59_364.jpg, 0, 0, 0.3832561, 0.004638938
C:\Users\Mounika Sree\OneDrive\Desktop\simulator-windows-64\IMG\center_2022_05_27_22_52_59_573.jpg, C:\Users\Mounika Sree\OneDrive\Desktop\simulator-windows-64\IMG\left_2022_05_27_22_52_59_573.jpg, C:\Users\Mounika Sree\OneDrive\Desktop\simulator-windows-64\IMG\right_2022_05_27_22_52_59_573.jpg, 0, 0, 0, 0.004035062
C:\Users\Mounika Sree\OneDrive\Desktop\simulator-windows-64\IMG\center_2022_05_27_22_52_59_779.jpg, C:\Users\Mounika Sree\OneDrive\Desktop\simulator-windows-64\IMG\left_2022_05_27_22_52_59_779.jpg, C:\Users\Mounika Sree\OneDrive\Desktop\simulator-windows-64\IMG\right_2022_05_27_22_52_59_779.jpg, 0.6230097, 0.6230097, 0, 0.007741345
C:\Users\Mounika Sree\OneDrive\Desktop\simulator-windows-64\IMG\center_2022_05_27_22_52_59_986.jpg, C:\Users\Mounika Sree\OneDrive\Desktop\simulator-windows-64\IMG\left_2022_05_27_22_52_59_986.jpg, C:\Users\Mounika Sree\OneDrive\Desktop\simulator-windows-64\IMG\right_2022_05_27_22_52_59_986.jpg, 1, 1, 0, 0.009560436
C:\Users\Mounika Sree\OneDrive\Desktop\simulator-windows-64\IMG\center_2022_05_27_22_53_00_196.jpg, C:\Users\Mounika Sree\OneDrive\Desktop\simulator-windows-64\IMG\left_2022_05_27_22_53_00_196.jpg, C:\Users\Mounika Sree\OneDrive\Desktop\simulator-windows-64\IMG\right_2022_05_27_22_53_00_196.jpg, 1, 1, 0, 0.002288029
C:\Users\Mounika Sree\OneDrive\Desktop\simulator-windows-64\IMG\center_2022_05_27_22_53_00_401.jpg, C:\Users\Mounika Sree\OneDrive\Desktop\simulator-windows-64\IMG\left_2022_05_27_22_53_00_401.jpg, C:\Users\Mounika Sree\OneDrive\Desktop\simulator-windows-64\IMG\right_2022_05_27_22_53_00_401.jpg, 1, 1, 0, 0.00157168
C:\Users\Mounika Sree\OneDrive\Desktop\simulator-windows-64\IMG\center_2022_05_27_22_53_00_604.jpg, C:\Users\Mounika Sree\OneDrive\Desktop\simulator-windows-64\IMG\left_2022_05_27_22_53_00_604.jpg, C:\Users\Mounika Sree\OneDrive\Desktop\simulator-windows-64\IMG\right_2022_05_27_22_53_00_604.jpg, 0.3865183, 0.3865183, 0, 0.009672195
C:\Users\Mounika Sree\OneDrive\Desktop\simulator-windows-64\IMG\center_2022_05_27_22_53_00_801.jpg, C:\Users\Mounika Sree\OneDrive\Desktop\simulator-windows-64\IMG\left_2022_05_27_22_53_00_801.jpg, C:\Users\Mounika Sree\OneDrive\Desktop\simulator-windows-64\IMG\right_2022_05_27_22_53_00_801.jpg, 0, 0, 0, 0.007198844
C:\Users\Mounika Sree\OneDrive\Desktop\simulator-windows-64\IMG\center_2022_05_27_22_53_00_994.jpg, C:\Users\Mounika Sree\OneDrive\Desktop\simulator-windows-64\IMG\left_2022_05_27_22_53_00_994.jpg, C:\Users\Mounika Sree\OneDrive\Desktop\simulator-windows-64\IMG\right_2022_05_27_22_53_00_994.jpg, -0.5922915, 0, 0, 0.001253809
C:\Users\Mounika Sree\OneDrive\Desktop\simulator-windows-64\IMG\center_2022_05_27_22_53_01_191.jpg, C:\Users\Mounika Sree\OneDrive\Desktop\simulator-windows-64\IMG\left_2022_05_27_22_53_01_191.jpg, C:\Users\Mounika Sree\OneDrive\Desktop\simulator-windows-64\IMG\right_2022_05_27_22_53_01_191.jpg, -1, 0, 0, 0.001619438
C:\Users\Mounika Sree\OneDrive\Desktop\simulator-windows-64\IMG\center_2022_05_27_22_53_01_392.jpg, C:\Users\Mounika Sree\OneDrive\Desktop\simulator-windows-64\IMG\left_2022_05_27_22_53_01_392.jpg, C:\Users\Mounika Sree\OneDrive\Desktop\simulator-windows-64\IMG\right_2022_05_27_22_53_01_392.jpg, -1, 0, 0, 0.004405398
C:\Users\Mounika Sree\OneDrive\Desktop\simulator-windows-64\IMG\center_2022_05_27_22_53_01_587.jpg, C:\Users\Mounika Sree\OneDrive\Desktop\simulator-windows-64\IMG\left_2022_05_27_22_53_01_587.jpg, C:\Users\Mounika Sree\OneDrive\Desktop\simulator-windows-64\IMG\right_2022_05_27_22_53_01_587.jpg, -1, 0, 0, 0.0007300518
C:\Users\Mounika Sree\OneDrive\Desktop\simulator-windows-64\IMG\center_2022_05_27_22_53_01_784.jpg, C:\Users\Mounika Sree\OneDrive\Desktop\simulator-windows-64\IMG\left_2022_05_27_22_53_01_784.jpg, C:\Users\Mounika Sree\OneDrive\Desktop\simulator-windows-64\IMG\right_2022_05_27_22_53_01_784.jpg, -1, 0, 0, 0.001368811
C:\Users\Mounika Sree\OneDrive\Desktop\simulator-windows-64\IMG\center_2022_05_27_22_53_01_978.jpg, C:\Users\Mounika Sree\OneDrive\Desktop\simulator-windows-64\IMG\left_2022_05_27_22_53_01_978.jpg, C:\Users\Mounika Sree\OneDrive\Desktop\simulator-windows-64\IMG\right_2022_05_27_22_53_01_978.jpg, -1, 0, 0, 0.0006163862
C:\Users\Mounika Sree\OneDrive\Desktop\simulator-windows-64\IMG\center_2022_05_27_22_53_02_175.jpg, C:\Users\Mounika Sree\OneDrive\Desktop\simulator-windows-64\IMG\left_2022_05_27_22_53_02_175.jpg, C:\Users\Mounika Sree\OneDrive\Desktop\simulator-windows-64\IMG\right_2022_05_27_22_53_02_175.jpg, -1, 0, 0, 0.001907748
C:\Users\Mounika Sree\OneDrive\Desktop\simulator-windows-64\IMG\center_2022_05_27_22_53_02_371.jpg, C:\Users\Mounika Sree\OneDrive\Desktop\simulator-windows-64\IMG\left_2022_05_27_22_53_02_371.jpg, C:\Users\Mounika Sree\OneDrive\Desktop\simulator-windows-64\IMG\right_2022_05_27_22_53_02_371.jpg, -0.4112455, 0, 0, 0.004381879
C:\Users\Mounika Sree\OneDrive\Desktop\simulator-windows-64\IMG\center_2022_05_27_22_53_02_570.jpg, C:\Users\Mounika Sree\OneDrive\Desktop\simulator-windows-64\IMG\left_2022_05_27_22_53_02_570.jpg, C:\Users\Mounika Sree\OneDrive\Desktop\simulator-windows-64\IMG\right_2022_05_27_22_53_02_570.jpg, 0, 0, 0, 0.004504847
C:\Users\Mounika Sree\OneDrive\Desktop\simulator-windows-64\IMG\center_2022_05_27_22_53_02_778.jpg, C:\Users\Mounika Sree\OneDrive\Desktop\simulator-windows-64\IMG\left_2022_05_27_22_53_02_778.jpg, C:\Users\Mounika Sree\OneDrive\Desktop\simulator-windows-64\IMG\right_2022_05_27_22_53_02_778.jpg, 0, 0, 0.6148287, 0.006467029
C:\Users\Mounika Sree\OneDrive\Desktop\simulator-windows-64\IMG\center_2022_05_27_22_53_02_965.jpg, C:\Users\Mounika Sree\OneDrive\Desktop\simulator-windows-64\IMG\left_2022_05_27_22_53_02_965.jpg, C:\Users\Mounika Sree\OneDrive\Desktop\simulator-windows-64\IMG\right_2022_05_27_22_53_02_965.jpg, 0, 0, 1, 0.004528573
C:\Users\Mounika Sree\OneDrive\Desktop\simulator-windows-64\IMG\center_2022_05_27_22_53_03_158.jpg, C:\Users\Mounika Sree\OneDrive\Desktop\simulator-windows-64\IMG\left_2022_05_27_22_53_03_158.jpg, C:\Users\Mounika Sree\OneDrive\Desktop\simulator-windows-64\IMG\right_2022_05_27_22_53_03_158.jpg, 0, 0, 0.4241485, 0.006629611
C:\Users\Mounika Sree\OneDrive\Desktop\simulator-windows-64\IMG\center_2022_05_27_22_53_03_345.jpg, C:\Users\Mounika Sree\OneDrive\Desktop\simulator-windows-64\IMG\left_2022_05_27_22_53_03_345.jpg, C:\Users\Mounika Sree\OneDrive\Desktop\simulator-windows-64\IMG\right_2022_05_27_22_53_03_345.jpg, 0, 0, 0, 0.003165299
C:\Users\Mounika Sree\OneDrive\Desktop\simulator-windows-64\IMG\center_2022_05_27_22_53_03_531.jpg, C:\Users\Mounika Sree\OneDrive\Desktop\simulator-windows-64\IMG\left_2022_05_27_22_53_03_531.jpg, C:\Users\Mounika Sree\OneDrive\Desktop\simulator-windows-64\IMG\right_2022_05_27_22_53_03_531.jpg, -0.5634504, 0, 0, 0.002261037
C:\Users\Mounika Sree\OneDrive\Desktop\simulator-windows-64\IMG\center_2022_05_27_22_53_03_721.jpg, C:\Users\Mounika Sree\OneDrive\Desktop\simulator-windows-64\IMG\left_2022_05_27_22_53_03_721.jpg, C:\Users\Mounika Sree\OneDrive\Desktop\simulator-windows-64\IMG\right_2022_05_27_22_53_03_721.jpg, -1, 0, 0, 0.00170348
C:\Users\Mounika Sree\OneDrive\Desktop\simulator-windows-64\IMG\center_2022_05_27_22_53_03_911.jpg, C:\Users\Mounika Sree\OneDrive\Desktop\simulator-windows-64\IMG\left_2022_05_27_22_53_03_911.jpg, C:\Users\Mounika Sree\OneDrive\Desktop\simulator-windows-64\IMG\right_2022_05_27_22_53_03_911.jpg, -1, 0, 0, 0.001658529
C:\Users\Mounika Sree\OneDrive\Desktop\simulator-windows-64\IMG\center_2022_05_27_22_53_04_104.jpg, C:\Users\Mounika Sree\OneDrive\Desktop\simulator-windows-64\IMG\left_2022_05_27_22_53_04_104.jpg, C:\Users\Mounika Sree\OneDrive\Desktop\simulator-windows-64\IMG\right_2022_05_27_22_53_04_104.jpg, -1, 0, 0, 0.005157006
C:\Users\Mounika Sree\OneDrive\Desktop\simulator-windows-64\IMG\center_2022_05_27_22_53_04_293.jpg, C:\Users\Mounika Sree\OneDrive\Desktop\simulator-windows-64\IMG\left_2022_05_27_22_53_04_293.jpg, C:\Users\Mounika Sree\OneDrive\Desktop\simulator-windows-64\IMG\right_2022_05_27_22_53_04_293.jpg, -1, 0, 0, 0.004944517
C:\Users\Mounika Sree\OneDrive\Desktop\simulator-windows-64\IMG\center_2022_05_27_22_53_04_486.jpg, C:\Users\Mounika Sree\OneDrive\Desktop\simulator-windows-64\IMG\left_2022_05_27_22_53_04_486.jpg, C:\Users\Mounika Sree\OneDrive\Desktop\simulator-windows-64\IMG\right_2022_05_27_22_53_04_486.jpg, -0.4270591, 0, 0.5729409, 0.008020272
C:\Users\Mounika Sree\OneDrive\Desktop\simulator-windows-64\IMG\center_2022_05_27_22_53_04_681.jpg, C:\Users\Mounika Sree\OneDrive\Desktop\simulator-windows-64\IMG\left_2022_05_27_22_53_04_681.jpg, C:\Users\Mounika Sree\OneDrive\Desktop\simulator-windows-64\IMG\right_2022_05_27_22_53_04_681.jpg, 0, 0, 1, 0.006210383
C:\Users\Mounika Sree\OneDrive\Desktop\simulator-windows-64\IMG\center_2022_05_27_22_53_04_876.jpg, C:\Users\Mounika Sree\OneDrive\Desktop\simulator-windows-64\IMG\left_2022_05_27_22_53_04_876.jpg, C:\Users\Mounika Sree\OneDrive\Desktop\simulator-windows-64\IMG\right_2022_05_27_22_53_04_876.jpg, 0, 0, 1, 0.009420331
C:\Users\Mounika Sree\OneDrive\Desktop\simulator-windows-64\IMG\center_2022_05_27_22_53_05_071.jpg, C:\Users\Mounika Sree\OneDrive\Desktop\simulator-windows-64\IMG\left_2022_05_27_22_53_05_071.jpg, C:\Users\Mounika Sree\OneDrive\Desktop\simulator-windows-64\IMG\right_2022_05_27_22_53_05_071.jpg, 0, 0, 1, 0.005871137
C:\Users\Mounika Sree\OneDrive\Desktop\simulator-windows-64\IMG\center_2022_05_27_22_53_05_263.jpg, C:\Users\Mounika Sree\OneDrive\Desktop\simulator-windows-64\IMG\left_2022_05_27_22_53_05_263.jpg, C:\Users\Mounika Sree\OneDrive\Desktop\simulator-windows-64\IMG\right_2022_05_27_22_53_05_263.jpg, 0, 0, 1, 0.00241485
C:\Users\Mounika Sree\OneDrive\Desktop\simulator-windows-64\IMG\center_2022_05_27_22_53_05_459.jpg, C:\Users\Mounika Sree\OneDrive\Desktop\simulator-windows-64\IMG\left_2022_05_27_22_53_05_459.jpg, C:\Users\Mounika Sree\OneDrive\Desktop\simulator-windows-64\IMG\right_2022_05_27_22_53_05_459.jpg, 0, 0, 0.4101586, 0.00602494
C:\Users\Mounika Sree\OneDrive\Desktop\simulator-windows-64\IMG\center_2022_05_27_22_53_05_651.jpg, C:\Users\Mounika Sree\OneDrive\Desktop\simulator-windows-64\IMG\left_2022_05_27_22_53_05_651.jpg, C:\Users\Mounika Sree\OneDrive\Desktop\simulator-windows-64\IMG\right_2022_05_27_22_53_05_651.jpg, 0, 0, 0, 0.002550559
C:\Users\Mounika Sree\OneDrive\Desktop\simulator-windows-64\IMG\center_2022_05_27_22_53_05_842.jpg, C:\Users\Mounika Sree\OneDrive\Desktop\simulator-windows-64\IMG\left_2022_05_27_22_53_05_842.jpg, C:\Users\Mounika Sree\OneDrive\Desktop\simulator-windows-64\IMG\right_2022_05_27_22_53_05_842.jpg, 0, 0, 0, 0.004343568
C:\Users\Mounika Sree\OneDrive\Desktop\simulator-windows-64\IMG\center_2022_05_27_22_53_06_038.jpg, C:\Users\Mounika Sree\OneDrive\Desktop\simulator-windows-64\IMG\left_2022_05_27_22_53_06_038.jpg, C:\Users\Mounika Sree\OneDrive\Desktop\simulator-windows-64\IMG\right_2022_05_27_22_53_06_038.jpg, 0, 0, 0, 0.002879797
C:\Users\Mounika Sree\OneDrive\Desktop\simulator-windows-64\IMG\center_2022_05_27_22_53_06_236.jpg, C:\Users\Mounika Sree\OneDrive\Desktop\simulator-windows-64\IMG\left_2022_05_27_22_53_06_236.jpg, C:\Users\Mounika Sree\OneDrive\Desktop\simulator-windows-64\IMG\right_2022_05_27_22_53_06_236.jpg, 0, 0, 0, 0.000213868
C:\Users\Mounika Sree\OneDrive\Desktop\simulator-windows-64\IMG\center_2022_05_27_22_53_06_431.jpg, C:\Users\Mounika Sree\OneDrive\Desktop\simulator-windows-64\IMG\left_2022_05_27_22_53_06_431.jpg, C:\Users\Mounika Sree\OneDrive\Desktop\simulator-windows-64\IMG\right_2022_05_27_22_53_06_431.jpg, 0, 0, 0, 0.005439177
C:\Users\Mounika Sree\OneDrive\Desktop\simulator-windows-64\IMG\center_2022_05_27_22_53_06_631.jpg, C:\Users\Mounika Sree\OneDrive\Desktop\simulator-windows-64\IMG\left_2022_05_27_22_53_06_631.jpg, C:\Users\Mounika Sree\OneDrive\Desktop\simulator-windows-64\IMG\right_2022_05_27_22_53_06_631.jpg, 0, 0, 0, 0.003983881
C:\Users\Mounika Sree\OneDrive\Desktop\simulator-windows-64\IMG\center_2022_05_27_22_53_06_834.jpg, C:\Users\Mounika Sree\OneDrive\Desktop\simulator-windows-64\IMG\left_2022_05_27_22_53_06_834.jpg, C:\Users\Mounika Sree\OneDrive\Desktop\simulator-windows-64\IMG\right_2022_05_27_22_53_06_834.jpg, 0, 0, 0, 0.004362105
C:\Users\Mounika Sree\OneDrive\Desktop\simulator-windows-64\IMG\center_2022_05_27_22_53_07_040.jpg, C:\Users\Mounika Sree\OneDrive\Desktop\simulator-windows-64\IMG\left_2022_05_27_22_53_07_040.jpg, C:\Users\Mounika Sree\OneDrive\Desktop\simulator-windows-64\IMG\right_2022_05_27_22_53_07_040.jpg, 0, 0, 0, 0.004206674
